[{"id":"user-image-nn.jpg","publicUrl":"np://user.desktop.nicepage.com/Site_218106794/images/nn.jpg","size":31003,"fileName":"nn.jpg","name":"nn","width":1980,"height":1320,"thumbnail":{"url":"np://user.desktop.nicepage.com/Site_218106794/images/thumbnails/nn.jpg","width":250,"height":167},"originalUrl":"//images01.nicepagecdn.com/c461c07a441a5d220e8feb1a/74cba0b889ac55bdb591694b/nn.jpg"},{"id":"user-image-xxxx-min.jpg","publicUrl":"np://user.desktop.nicepage.com/Site_218106794/images/xxxx-min.jpg","size":64031,"fileName":"xxxx-min.jpg","name":"xxxx-min","width":1351,"height":1080,"thumbnail":{"url":"np://user.desktop.nicepage.com/Site_218106794/images/thumbnails/xxxx-min.jpg","width":250,"height":200},"originalUrl":"//images01.nicepagecdn.com/c461c07a441a5d220e8feb1a/19d23e89578e5046bea85247/xxxx-min.jpg"},{"id":"user-image-vvv-min.jpg","publicUrl":"np://user.desktop.nicepage.com/Site_218106794/images/vvv-min.jpg","size":71817,"fileName":"vvv-min.jpg","name":"vvv-min","width":1510,"height":1080,"thumbnail":{"url":"np://user.desktop.nicepage.com/Site_218106794/images/thumbnails/vvv-min.jpg","width":250,"height":179},"originalUrl":"//images01.nicepagecdn.com/c461c07a441a5d220e8feb1a/1e6956808e2a53bd90538590/vvv-min.jpg"},{"id":"user-image-b5f9e7f9-f0cf-42fb-96c9-3156bc7d64a2.jpg","publicUrl":"np://user.desktop.nicepage.com/Site_218106794/images/b5f9e7f9-f0cf-42fb-96c9-3156bc7d64a2.jpg","size":84443,"fileName":"b5f9e7f9-f0cf-42fb-96c9-3156bc7d64a2.jpg","name":"b5f9e7f9-f0cf-42fb-96c9-3156bc7d64a2","width":598,"height":598,"thumbnail":{"url":"np://user.desktop.nicepage.com/Site_218106794/images/thumbnails/b5f9e7f9-f0cf-42fb-96c9-3156bc7d64a2.jpg","width":250,"height":250},"originalUrl":"//images01.nicepagecdn.com/c461c07a441a5d220e8feb1a/39261fbbefa65d409eb3d909/b5f9e7f9-f0cf-42fb-96c9-3156bc7d64a2.jpg"},{"id":"user-image-13064dd8-b859-4a0d-8b5b-0944d529a9c2.jpg","publicUrl":"np://user.desktop.nicepage.com/Site_218106794/images/13064dd8-b859-4a0d-8b5b-0944d529a9c2.jpg","size":81098,"fileName":"13064dd8-b859-4a0d-8b5b-0944d529a9c2.jpg","name":"13064dd8-b859-4a0d-8b5b-0944d529a9c2","width":598,"height":598,"thumbnail":{"url":"np://user.desktop.nicepage.com/Site_218106794/images/thumbnails/13064dd8-b859-4a0d-8b5b-0944d529a9c2.jpg","width":250,"height":250},"originalUrl":"//images01.nicepagecdn.com/c461c07a441a5d220e8feb1a/6ae86b907f44543284a736f4/13064dd8-b859-4a0d-8b5b-0944d529a9c2.jpg"},{"id":"user-image--min.png","publicUrl":"np://user.desktop.nicepage.com/Site_218106794/images/-min.png","size":112900,"fileName":"-min.png","name":"-min","width":900,"height":850,"thumbnail":{"url":"np://user.desktop.nicepage.com/Site_218106794/images/thumbnails/-min.png","width":250,"height":236},"originalUrl":"//images01.nicepagecdn.com/c461c07a441a5d220e8feb1a/58b2cd29213658a9b229c01a/-min.png"},{"id":"user-image-gffgfg.jpg","publicUrl":"np://user.desktop.nicepage.com/Site_218106794/images/gffgfg.jpg","size":13800,"fileName":"gffgfg.jpg","name":"gffgfg","width":206,"height":206,"thumbnail":{"url":"np://user.desktop.nicepage.com/Site_218106794/images/thumbnails/gffgfg.jpg","height":206,"width":206,"length":13800,"type":"jpg"},"originalUrl":"//images01.nicepagecdn.com/c461c07a441a5d220e8feb1a/b8826e852f63537a8c1ef575/gffgfg.jpg"},{"id":"user-image-76ad54de-76a3-4973-8d72-5982d76db00c.jpg","publicUrl":"np://user.desktop.nicepage.com/Site_218106794/images/76ad54de-76a3-4973-8d72-5982d76db00c.jpg","size":50983,"fileName":"76ad54de-76a3-4973-8d72-5982d76db00c.jpg","name":"76ad54de-76a3-4973-8d72-5982d76db00c","width":450,"height":520,"thumbnail":{"url":"np://user.desktop.nicepage.com/Site_218106794/images/thumbnails/76ad54de-76a3-4973-8d72-5982d76db00c.jpg","width":216,"height":250},"originalUrl":"//images01.nicepagecdn.com/c461c07a441a5d220e8feb1a/caf716dfc20f5c49bc47561c/76ad54de-76a3-4973-8d72-5982d76db00c.jpg"},{"id":"user-image-pexels-photo-4576085.jpeg","publicUrl":"np://user.desktop.nicepage.com/Site_218106794/images/pexels-photo-4576085.jpeg","size":92032,"fileName":"pexels-photo-4576085.jpeg","name":"pexels-photo-4576085","width":864,"height":1080,"thumbnail":{"url":"np://user.desktop.nicepage.com/Site_218106794/images/thumbnails/pexels-photo-4576085.jpeg","width":200,"height":250},"originalUrl":"//images02.nicepagecdn.com/a1389d7bc73adea1e1c1fb7e/6e77b088add750adb748c9e4/pexels-photo-4576085.jpeg?version="},{"id":"user-image-pexels-photo-9821204.jpeg","publicUrl":"np://user.desktop.nicepage.com/Site_218106794/images/pexels-photo-9821204.jpeg","size":73144,"fileName":"pexels-photo-9821204.jpeg","name":"pexels-photo-9821204","width":1000,"height":1500,"thumbnail":{"url":"np://user.desktop.nicepage.com/Site_218106794/images/thumbnails/pexels-photo-9821204.jpeg","width":167,"height":250},"originalUrl":"//images01.nicepagecdn.com/a1389d7bc73adea1e1c1fb7e/502e4bcf1d4f579b94d1e793/pexels-photo-9821204.jpeg"},{"id":"user-image-pexels-photo-5141074.jpeg","publicUrl":"np://user.desktop.nicepage.com/Site_218106794/images/pexels-photo-5141074.jpeg","size":70204,"fileName":"pexels-photo-5141074.jpeg","name":"pexels-photo-5141074","width":980,"height":1500,"thumbnail":{"url":"np://user.desktop.nicepage.com/Site_218106794/images/thumbnails/pexels-photo-5141074.jpeg","width":163,"height":250},"originalUrl":"//images02.nicepagecdn.com/a1389d7bc73adea1e1c1fb7e/ea78d2245c955eaba54a5702/pexels-photo-5141074.jpeg?version="},{"id":"user-image-pexels-photo-2989724.jpeg","publicUrl":"np://user.desktop.nicepage.com/Site_218106794/images/pexels-photo-2989724.jpeg","size":55182,"fileName":"pexels-photo-2989724.jpeg","name":"pexels-photo-2989724","width":1260,"height":698,"thumbnail":{"url":"np://user.desktop.nicepage.com/Site_218106794/images/thumbnails/pexels-photo-2989724.jpeg","width":250,"height":138},"originalUrl":"//images02.nicepagecdn.com/a1389d7bc73adea1e1c1fb7e/22a6a6dad5ca522c96fc9b62/pexels-photo-2989724.jpeg?version="},{"id":"user-image-pexels-photo-9787579.jpeg","publicUrl":"np://user.desktop.nicepage.com/Site_218106794/images/pexels-photo-9787579.jpeg","size":54666,"fileName":"pexels-photo-9787579.jpeg","name":"pexels-photo-9787579","width":512,"height":750,"thumbnail":{"url":"np://user.desktop.nicepage.com/Site_218106794/images/thumbnails/pexels-photo-9787579.jpeg","width":171,"height":250},"originalUrl":"//images01.nicepagecdn.com/a1389d7bc73adea1e1c1fb7e/8ee196c29f605c2ba607f750/pexels-photo-9787579.jpeg"},{"id":"user-image-pexels-photo-9867161.jpeg","publicUrl":"np://user.desktop.nicepage.com/Site_218106794/images/pexels-photo-9867161.jpeg","size":88866,"fileName":"pexels-photo-9867161.jpeg","name":"pexels-photo-9867161","width":1000,"height":1500,"thumbnail":{"url":"np://user.desktop.nicepage.com/Site_218106794/images/thumbnails/pexels-photo-9867161.jpeg","width":167,"height":250},"originalUrl":"//images01.nicepagecdn.com/a1389d7bc73adea1e1c1fb7e/3dae7e39431c52e799018bb6/pexels-photo-9867161.jpeg"},{"id":"user-image-gffg.jpg","publicUrl":"np://user.desktop.nicepage.com/Site_218106794/images/gffg.jpg","size":35825,"fileName":"gffg.jpg","name":"gffg","width":1980,"height":1321,"thumbnail":{"url":"np://user.desktop.nicepage.com/Site_218106794/images/thumbnails/gffg.jpg","width":250,"height":167},"originalUrl":"//images01.nicepagecdn.com/c461c07a441a5d220e8feb1a/8f919da7acb159688706f8cb/gffg.jpg"},{"id":"user-image-cccc-min.jpg","publicUrl":"np://user.desktop.nicepage.com/Site_218106794/images/cccc-min.jpg","size":73109,"fileName":"cccc-min.jpg","name":"cccc-min","width":1500,"height":1158,"thumbnail":{"url":"np://user.desktop.nicepage.com/Site_218106794/images/thumbnails/cccc-min.jpg","width":250,"height":193},"originalUrl":"//images01.nicepagecdn.com/c461c07a441a5d220e8feb1a/a9e5ccae55355ddbb0e22a55/cccc-min.jpg"},{"id":"user-image--min.jpg","publicUrl":"np://user.desktop.nicepage.com/Site_218106794/images/-min.jpg","size":191456,"fileName":"-min.jpg","name":"-min","width":1610,"height":1080,"thumbnail":{"url":"np://user.desktop.nicepage.com/Site_218106794/images/thumbnails/-min.jpg","width":250,"height":168},"originalUrl":"//images01.nicepagecdn.com/c461c07a441a5d220e8feb1a/d2e480f0f7bf5836ad33b27b/-min.jpg"},{"id":"user-image-dddd-min.jpg","publicUrl":"np://user.desktop.nicepage.com/Site_218106794/images/dddd-min.jpg","size":84584,"fileName":"dddd-min.jpg","name":"dddd-min","width":1500,"height":1080,"thumbnail":{"url":"np://user.desktop.nicepage.com/Site_218106794/images/thumbnails/dddd-min.jpg","width":250,"height":180},"originalUrl":"//images01.nicepagecdn.com/c461c07a441a5d220e8feb1a/f5e773b80fe55807a5641909/dddd-min.jpg"}]